material,epsilon_mode,pressure_mpa,thickness_nm,epsilon_r_t_zz,e33_c_per_m2,d33_c_per_n,d33_pm_per_v,delta_v_v,delta_v_mv,g_eff_vm_per_n,analytic_order
BiOCl,prompt,10.0,5.0,13.120001031710608,0.0005,1.3539894141385024e-14,0.013539894141385024,5.827773632635628e-06,0.005827773632635628,0.00011655547265271257,BiOBr>BiOI>BiOCl
BiOBr,prompt,10.0,5.0,5.413003088627167,0.00069,3.417785708196605e-14,0.03417785708196605,3.565560656417568e-05,0.03565560656417568,0.0007131121312835136,BiOBr>BiOI>BiOCl
BiOI,prompt,10.0,5.0,6.2370025797887365,0.00067,2.760155217788116e-14,0.02760155217788116,2.4990725035361785e-05,0.024990725035361785,0.0004998145007072357,BiOBr>BiOI>BiOCl
BiOCl,prompt,10.0,10.0,13.120001031710608,0.0005,1.3539894141385024e-14,0.013539894141385024,1.1655547265271257e-05,0.011655547265271257,0.00011655547265271257,BiOBr>BiOI>BiOCl
BiOBr,prompt,10.0,10.0,5.413003088627167,0.00069,3.417785708196605e-14,0.03417785708196605,7.131121312835136e-05,0.07131121312835136,0.0007131121312835136,BiOBr>BiOI>BiOCl
BiOI,prompt,10.0,10.0,6.2370025797887365,0.00067,2.760155217788116e-14,0.02760155217788116,4.998145007072357e-05,0.04998145007072357,0.0004998145007072357,BiOBr>BiOI>BiOCl
BiOCl,prompt,10.0,20.0,13.120001031710608,0.0005,1.3539894141385024e-14,0.013539894141385024,2.3311094530542513e-05,0.023311094530542514,0.00011655547265271257,BiOBr>BiOI>BiOCl
BiOBr,prompt,10.0,20.0,5.413003088627167,0.00069,3.417785708196605e-14,0.03417785708196605,0.00014262242625670272,0.1426224262567027,0.0007131121312835136,BiOBr>BiOI>BiOCl
BiOI,prompt,10.0,20.0,6.2370025797887365,0.00067,2.760155217788116e-14,0.02760155217788116,9.996290014144714e-05,0.09996290014144714,0.0004998145007072357,BiOBr>BiOI>BiOCl
BiOCl,prompt,25.0,5.0,13.120001031710608,0.0005,1.3539894141385024e-14,0.013539894141385024,1.456943408158907e-05,0.014569434081589071,0.00011655547265271257,BiOBr>BiOI>BiOCl
BiOBr,prompt,25.0,5.0,5.413003088627167,0.00069,3.417785708196605e-14,0.03417785708196605,8.913901641043921e-05,0.08913901641043921,0.0007131121312835137,BiOBr>BiOI>BiOCl
BiOI,prompt,25.0,5.0,6.2370025797887365,0.00067,2.760155217788116e-14,0.02760155217788116,6.247681258840446e-05,0.06247681258840446,0.0004998145007072357,BiOBr>BiOI>BiOCl
BiOCl,prompt,25.0,10.0,13.120001031710608,0.0005,1.3539894141385024e-14,0.013539894141385024,2.913886816317814e-05,0.029138868163178143,0.00011655547265271257,BiOBr>BiOI>BiOCl
BiOBr,prompt,25.0,10.0,5.413003088627167,0.00069,3.417785708196605e-14,0.03417785708196605,0.00017827803282087842,0.17827803282087842,0.0007131121312835137,BiOBr>BiOI>BiOCl
BiOI,prompt,25.0,10.0,6.2370025797887365,0.00067,2.760155217788116e-14,0.02760155217788116,0.00012495362517680892,0.12495362517680891,0.0004998145007072357,BiOBr>BiOI>BiOCl
BiOCl,prompt,25.0,20.0,13.120001031710608,0.0005,1.3539894141385024e-14,0.013539894141385024,5.827773632635628e-05,0.058277736326356286,0.00011655547265271257,BiOBr>BiOI>BiOCl
BiOBr,prompt,25.0,20.0,5.413003088627167,0.00069,3.417785708196605e-14,0.03417785708196605,0.00035655606564175685,0.35655606564175685,0.0007131121312835137,BiOBr>BiOI>BiOCl
BiOI,prompt,25.0,20.0,6.2370025797887365,0.00067,2.760155217788116e-14,0.02760155217788116,0.00024990725035361783,0.24990725035361783,0.0004998145007072357,BiOBr>BiOI>BiOCl
BiOCl,prompt,50.0,5.0,13.120001031710608,0.0005,1.3539894141385024e-14,0.013539894141385024,2.913886816317814e-05,0.029138868163178143,0.00011655547265271257,BiOBr>BiOI>BiOCl
BiOBr,prompt,50.0,5.0,5.413003088627167,0.00069,3.417785708196605e-14,0.03417785708196605,0.00017827803282087842,0.17827803282087842,0.0007131121312835137,BiOBr>BiOI>BiOCl
BiOI,prompt,50.0,5.0,6.2370025797887365,0.00067,2.760155217788116e-14,0.02760155217788116,0.00012495362517680892,0.12495362517680891,0.0004998145007072357,BiOBr>BiOI>BiOCl
BiOCl,prompt,50.0,10.0,13.120001031710608,0.0005,1.3539894141385024e-14,0.013539894141385024,5.827773632635628e-05,0.058277736326356286,0.00011655547265271257,BiOBr>BiOI>BiOCl
BiOBr,prompt,50.0,10.0,5.413003088627167,0.00069,3.417785708196605e-14,0.03417785708196605,0.00035655606564175685,0.35655606564175685,0.0007131121312835137,BiOBr>BiOI>BiOCl
BiOI,prompt,50.0,10.0,6.2370025797887365,0.00067,2.760155217788116e-14,0.02760155217788116,0.00024990725035361783,0.24990725035361783,0.0004998145007072357,BiOBr>BiOI>BiOCl
BiOCl,prompt,50.0,20.0,13.120001031710608,0.0005,1.3539894141385024e-14,0.013539894141385024,0.00011655547265271257,0.11655547265271257,0.00011655547265271257,BiOBr>BiOI>BiOCl
BiOBr,prompt,50.0,20.0,5.413003088627167,0.00069,3.417785708196605e-14,0.03417785708196605,0.0007131121312835137,0.7131121312835137,0.0007131121312835137,BiOBr>BiOI>BiOCl
BiOI,prompt,50.0,20.0,6.2370025797887365,0.00067,2.760155217788116e-14,0.02760155217788116,0.0004998145007072357,0.49981450070723565,0.0004998145007072357,BiOBr>BiOI>BiOCl
BiOCl,prompt,100.0,5.0,13.120001031710608,0.0005,1.3539894141385024e-14,0.013539894141385024,5.827773632635628e-05,0.058277736326356286,0.00011655547265271257,BiOBr>BiOI>BiOCl
BiOBr,prompt,100.0,5.0,5.413003088627167,0.00069,3.417785708196605e-14,0.03417785708196605,0.00035655606564175685,0.35655606564175685,0.0007131121312835137,BiOBr>BiOI>BiOCl
BiOI,prompt,100.0,5.0,6.2370025797887365,0.00067,2.760155217788116e-14,0.02760155217788116,0.00024990725035361783,0.24990725035361783,0.0004998145007072357,BiOBr>BiOI>BiOCl
BiOCl,prompt,100.0,10.0,13.120001031710608,0.0005,1.3539894141385024e-14,0.013539894141385024,0.00011655547265271257,0.11655547265271257,0.00011655547265271257,BiOBr>BiOI>BiOCl
BiOBr,prompt,100.0,10.0,5.413003088627167,0.00069,3.417785708196605e-14,0.03417785708196605,0.0007131121312835137,0.7131121312835137,0.0007131121312835137,BiOBr>BiOI>BiOCl
BiOI,prompt,100.0,10.0,6.2370025797887365,0.00067,2.760155217788116e-14,0.02760155217788116,0.0004998145007072357,0.49981450070723565,0.0004998145007072357,BiOBr>BiOI>BiOCl
BiOCl,prompt,100.0,20.0,13.120001031710608,0.0005,1.3539894141385024e-14,0.013539894141385024,0.00023311094530542513,0.23311094530542514,0.00011655547265271257,BiOBr>BiOI>BiOCl
BiOBr,prompt,100.0,20.0,5.413003088627167,0.00069,3.417785708196605e-14,0.03417785708196605,0.0014262242625670274,1.4262242625670274,0.0007131121312835137,BiOBr>BiOI>BiOCl
BiOI,prompt,100.0,20.0,6.2370025797887365,0.00067,2.760155217788116e-14,0.02760155217788116,0.0009996290014144713,0.9996290014144713,0.0004998145007072357,BiOBr>BiOI>BiOCl
BiOCl,prompt,200.0,5.0,13.120001031710608,0.0005,1.3539894141385024e-14,0.013539894141385024,0.00011655547265271257,0.11655547265271257,0.00011655547265271257,BiOBr>BiOI>BiOCl
BiOBr,prompt,200.0,5.0,5.413003088627167,0.00069,3.417785708196605e-14,0.03417785708196605,0.0007131121312835137,0.7131121312835137,0.0007131121312835137,BiOBr>BiOI>BiOCl
BiOI,prompt,200.0,5.0,6.2370025797887365,0.00067,2.760155217788116e-14,0.02760155217788116,0.0004998145007072357,0.49981450070723565,0.0004998145007072357,BiOBr>BiOI>BiOCl
BiOCl,prompt,200.0,10.0,13.120001031710608,0.0005,1.3539894141385024e-14,0.013539894141385024,0.00023311094530542513,0.23311094530542514,0.00011655547265271257,BiOBr>BiOI>BiOCl
BiOBr,prompt,200.0,10.0,5.413003088627167,0.00069,3.417785708196605e-14,0.03417785708196605,0.0014262242625670274,1.4262242625670274,0.0007131121312835137,BiOBr>BiOI>BiOCl
BiOI,prompt,200.0,10.0,6.2370025797887365,0.00067,2.760155217788116e-14,0.02760155217788116,0.0009996290014144713,0.9996290014144713,0.0004998145007072357,BiOBr>BiOI>BiOCl
BiOCl,prompt,200.0,20.0,13.120001031710608,0.0005,1.3539894141385024e-14,0.013539894141385024,0.00046622189061085027,0.4662218906108503,0.00011655547265271257,BiOBr>BiOI>BiOCl
BiOBr,prompt,200.0,20.0,5.413003088627167,0.00069,3.417785708196605e-14,0.03417785708196605,0.0028524485251340548,2.852448525134055,0.0007131121312835137,BiOBr>BiOI>BiOCl
BiOI,prompt,200.0,20.0,6.2370025797887365,0.00067,2.760155217788116e-14,0.02760155217788116,0.0019992580028289427,1.9992580028289426,0.0004998145007072357,BiOBr>BiOI>BiOCl
BiOCl,vasp-electronic,10.0,5.0,5.224848031710608,0.0005,1.3539894141385024e-14,0.013539894141385024,1.4633994253747184e-05,0.014633994253747184,0.0002926798850749437,BiOBr>BiOI>BiOCl
BiOBr,vasp-electronic,10.0,5.0,5.412790088627166,0.00069,3.417785708196605e-14,0.03417785708196605,3.565700965649477e-05,0.03565700965649477,0.0007131401931298953,BiOBr>BiOI>BiOCl
BiOI,vasp-electronic,10.0,5.0,6.236877579788737,0.00067,2.760155217788116e-14,0.02760155217788116,2.4991225901474588e-05,0.02499122590147459,0.0004998245180294918,BiOBr>BiOI>BiOCl
BiOCl,vasp-electronic,10.0,10.0,5.224848031710608,0.0005,1.3539894141385024e-14,0.013539894141385024,2.9267988507494368e-05,0.029267988507494368,0.0002926798850749437,BiOBr>BiOI>BiOCl
BiOBr,vasp-electronic,10.0,10.0,5.412790088627166,0.00069,3.417785708196605e-14,0.03417785708196605,7.131401931298954e-05,0.07131401931298954,0.0007131401931298953,BiOBr>BiOI>BiOCl
BiOI,vasp-electronic,10.0,10.0,6.236877579788737,0.00067,2.760155217788116e-14,0.02760155217788116,4.9982451802949176e-05,0.04998245180294918,0.0004998245180294918,BiOBr>BiOI>BiOCl
BiOCl,vasp-electronic,10.0,20.0,5.224848031710608,0.0005,1.3539894141385024e-14,0.013539894141385024,5.8535977014988736e-05,0.058535977014988735,0.0002926798850749437,BiOBr>BiOI>BiOCl
BiOBr,vasp-electronic,10.0,20.0,5.412790088627166,0.00069,3.417785708196605e-14,0.03417785708196605,0.00014262803862597907,0.1426280386259791,0.0007131401931298953,BiOBr>BiOI>BiOCl
BiOI,vasp-electronic,10.0,20.0,6.236877579788737,0.00067,2.760155217788116e-14,0.02760155217788116,9.996490360589835e-05,0.09996490360589835,0.0004998245180294918,BiOBr>BiOI>BiOCl
BiOCl,vasp-electronic,25.0,5.0,5.224848031710608,0.0005,1.3539894141385024e-14,0.013539894141385024,3.658498563436796e-05,0.03658498563436796,0.0002926798850749437,BiOBr>BiOI>BiOCl
BiOBr,vasp-electronic,25.0,5.0,5.412790088627166,0.00069,3.417785708196605e-14,0.03417785708196605,8.914252414123693e-05,0.08914252414123693,0.0007131401931298955,BiOBr>BiOI>BiOCl
BiOI,vasp-electronic,25.0,5.0,6.236877579788737,0.00067,2.760155217788116e-14,0.02760155217788116,6.247806475368647e-05,0.06247806475368647,0.0004998245180294918,BiOBr>BiOI>BiOCl
BiOCl,vasp-electronic,25.0,10.0,5.224848031710608,0.0005,1.3539894141385024e-14,0.013539894141385024,7.316997126873592e-05,0.07316997126873592,0.0002926798850749437,BiOBr>BiOI>BiOCl
BiOBr,vasp-electronic,25.0,10.0,5.412790088627166,0.00069,3.417785708196605e-14,0.03417785708196605,0.00017828504828247386,0.17828504828247385,0.0007131401931298955,BiOBr>BiOI>BiOCl
BiOI,vasp-electronic,25.0,10.0,6.236877579788737,0.00067,2.760155217788116e-14,0.02760155217788116,0.00012495612950737294,0.12495612950737293,0.0004998245180294918,BiOBr>BiOI>BiOCl
BiOCl,vasp-electronic,25.0,20.0,5.224848031710608,0.0005,1.3539894141385024e-14,0.013539894141385024,0.00014633994253747184,0.14633994253747185,0.0002926798850749437,BiOBr>BiOI>BiOCl
BiOBr,vasp-electronic,25.0,20.0,5.412790088627166,0.00069,3.417785708196605e-14,0.03417785708196605,0.0003565700965649477,0.3565700965649477,0.0007131401931298955,BiOBr>BiOI>BiOCl
BiOI,vasp-electronic,25.0,20.0,6.236877579788737,0.00067,2.760155217788116e-14,0.02760155217788116,0.0002499122590147459,0.24991225901474587,0.0004998245180294918,BiOBr>BiOI>BiOCl
BiOCl,vasp-electronic,50.0,5.0,5.224848031710608,0.0005,1.3539894141385024e-14,0.013539894141385024,7.316997126873592e-05,0.07316997126873592,0.0002926798850749437,BiOBr>BiOI>BiOCl
BiOBr,vasp-electronic,50.0,5.0,5.412790088627166,0.00069,3.417785708196605e-14,0.03417785708196605,0.00017828504828247386,0.17828504828247385,0.0007131401931298955,BiOBr>BiOI>BiOCl
BiOI,vasp-electronic,50.0,5.0,6.236877579788737,0.00067,2.760155217788116e-14,0.02760155217788116,0.00012495612950737294,0.12495612950737293,0.0004998245180294918,BiOBr>BiOI>BiOCl
BiOCl,vasp-electronic,50.0,10.0,5.224848031710608,0.0005,1.3539894141385024e-14,0.013539894141385024,0.00014633994253747184,0.14633994253747185,0.0002926798850749437,BiOBr>BiOI>BiOCl
BiOBr,vasp-electronic,50.0,10.0,5.412790088627166,0.00069,3.417785708196605e-14,0.03417785708196605,0.0003565700965649477,0.3565700965649477,0.0007131401931298955,BiOBr>BiOI>BiOCl
BiOI,vasp-electronic,50.0,10.0,6.236877579788737,0.00067,2.760155217788116e-14,0.02760155217788116,0.0002499122590147459,0.24991225901474587,0.0004998245180294918,BiOBr>BiOI>BiOCl
BiOCl,vasp-electronic,50.0,20.0,5.224848031710608,0.0005,1.3539894141385024e-14,0.013539894141385024,0.0002926798850749437,0.2926798850749437,0.0002926798850749437,BiOBr>BiOI>BiOCl
BiOBr,vasp-electronic,50.0,20.0,5.412790088627166,0.00069,3.417785708196605e-14,0.03417785708196605,0.0007131401931298955,0.7131401931298954,0.0007131401931298955,BiOBr>BiOI>BiOCl
BiOI,vasp-electronic,50.0,20.0,6.236877579788737,0.00067,2.760155217788116e-14,0.02760155217788116,0.0004998245180294918,0.49982451802949174,0.0004998245180294918,BiOBr>BiOI>BiOCl
BiOCl,vasp-electronic,100.0,5.0,5.224848031710608,0.0005,1.3539894141385024e-14,0.013539894141385024,0.00014633994253747184,0.14633994253747185,0.0002926798850749437,BiOBr>BiOI>BiOCl
BiOBr,vasp-electronic,100.0,5.0,5.412790088627166,0.00069,3.417785708196605e-14,0.03417785708196605,0.0003565700965649477,0.3565700965649477,0.0007131401931298955,BiOBr>BiOI>BiOCl
BiOI,vasp-electronic,100.0,5.0,6.236877579788737,0.00067,2.760155217788116e-14,0.02760155217788116,0.0002499122590147459,0.24991225901474587,0.0004998245180294918,BiOBr>BiOI>BiOCl
BiOCl,vasp-electronic,100.0,10.0,5.224848031710608,0.0005,1.3539894141385024e-14,0.013539894141385024,0.0002926798850749437,0.2926798850749437,0.0002926798850749437,BiOBr>BiOI>BiOCl
BiOBr,vasp-electronic,100.0,10.0,5.412790088627166,0.00069,3.417785708196605e-14,0.03417785708196605,0.0007131401931298955,0.7131401931298954,0.0007131401931298955,BiOBr>BiOI>BiOCl
BiOI,vasp-electronic,100.0,10.0,6.236877579788737,0.00067,2.760155217788116e-14,0.02760155217788116,0.0004998245180294918,0.49982451802949174,0.0004998245180294918,BiOBr>BiOI>BiOCl
BiOCl,vasp-electronic,100.0,20.0,5.224848031710608,0.0005,1.3539894141385024e-14,0.013539894141385024,0.0005853597701498874,0.5853597701498874,0.0002926798850749437,BiOBr>BiOI>BiOCl
BiOBr,vasp-electronic,100.0,20.0,5.412790088627166,0.00069,3.417785708196605e-14,0.03417785708196605,0.001426280386259791,1.4262803862597908,0.0007131401931298955,BiOBr>BiOI>BiOCl
BiOI,vasp-electronic,100.0,20.0,6.236877579788737,0.00067,2.760155217788116e-14,0.02760155217788116,0.0009996490360589835,0.9996490360589835,0.0004998245180294918,BiOBr>BiOI>BiOCl
BiOCl,vasp-electronic,200.0,5.0,5.224848031710608,0.0005,1.3539894141385024e-14,0.013539894141385024,0.0002926798850749437,0.2926798850749437,0.0002926798850749437,BiOBr>BiOI>BiOCl
BiOBr,vasp-electronic,200.0,5.0,5.412790088627166,0.00069,3.417785708196605e-14,0.03417785708196605,0.0007131401931298955,0.7131401931298954,0.0007131401931298955,BiOBr>BiOI>BiOCl
BiOI,vasp-electronic,200.0,5.0,6.236877579788737,0.00067,2.760155217788116e-14,0.02760155217788116,0.0004998245180294918,0.49982451802949174,0.0004998245180294918,BiOBr>BiOI>BiOCl
BiOCl,vasp-electronic,200.0,10.0,5.224848031710608,0.0005,1.3539894141385024e-14,0.013539894141385024,0.0005853597701498874,0.5853597701498874,0.0002926798850749437,BiOBr>BiOI>BiOCl
BiOBr,vasp-electronic,200.0,10.0,5.412790088627166,0.00069,3.417785708196605e-14,0.03417785708196605,0.001426280386259791,1.4262803862597908,0.0007131401931298955,BiOBr>BiOI>BiOCl
BiOI,vasp-electronic,200.0,10.0,6.236877579788737,0.00067,2.760155217788116e-14,0.02760155217788116,0.0009996490360589835,0.9996490360589835,0.0004998245180294918,BiOBr>BiOI>BiOCl
BiOCl,vasp-electronic,200.0,20.0,5.224848031710608,0.0005,1.3539894141385024e-14,0.013539894141385024,0.0011707195402997747,1.1707195402997748,0.0002926798850749437,BiOBr>BiOI>BiOCl
BiOBr,vasp-electronic,200.0,20.0,5.412790088627166,0.00069,3.417785708196605e-14,0.03417785708196605,0.002852560772519582,2.8525607725195816,0.0007131401931298955,BiOBr>BiOI>BiOCl
BiOI,vasp-electronic,200.0,20.0,6.236877579788737,0.00067,2.760155217788116e-14,0.02760155217788116,0.001999298072117967,1.999298072117967,0.0004998245180294918,BiOBr>BiOI>BiOCl
BiOCl,vasp-total,10.0,5.0,13.119966031710609,0.0005,1.3539894141385024e-14,0.013539894141385024,5.8277891793281e-06,0.0058277891793281,0.000116555783586562,BiOBr>BiOI>BiOCl
BiOBr,vasp-total,10.0,5.0,9.962059088627166,0.00069,3.417785708196605e-14,0.03417785708196605,1.9373897177451413e-05,0.019373897177451412,0.00038747794354902825,BiOBr>BiOI>BiOCl
BiOI,vasp-total,10.0,5.0,9.527939579788736,0.00067,2.760155217788116e-14,0.02760155217788116,1.6358963573507305e-05,0.016358963573507305,0.0003271792714701461,BiOBr>BiOI>BiOCl
BiOCl,vasp-total,10.0,10.0,13.119966031710609,0.0005,1.3539894141385024e-14,0.013539894141385024,1.16555783586562e-05,0.0116555783586562,0.000116555783586562,BiOBr>BiOI>BiOCl
BiOBr,vasp-total,10.0,10.0,9.962059088627166,0.00069,3.417785708196605e-14,0.03417785708196605,3.8747794354902826e-05,0.038747794354902824,0.00038747794354902825,BiOBr>BiOI>BiOCl
BiOI,vasp-total,10.0,10.0,9.527939579788736,0.00067,2.760155217788116e-14,0.02760155217788116,3.271792714701461e-05,0.03271792714701461,0.0003271792714701461,BiOBr>BiOI>BiOCl
BiOCl,vasp-total,10.0,20.0,13.119966031710609,0.0005,1.3539894141385024e-14,0.013539894141385024,2.33111567173124e-05,0.0233111567173124,0.000116555783586562,BiOBr>BiOI>BiOCl
BiOBr,vasp-total,10.0,20.0,9.962059088627166,0.00069,3.417785708196605e-14,0.03417785708196605,7.749558870980565e-05,0.07749558870980565,0.00038747794354902825,BiOBr>BiOI>BiOCl
BiOI,vasp-total,10.0,20.0,9.527939579788736,0.00067,2.760155217788116e-14,0.02760155217788116,6.543585429402922e-05,0.06543585429402922,0.0003271792714701461,BiOBr>BiOI>BiOCl
BiOCl,vasp-total,25.0,5.0,13.119966031710609,0.0005,1.3539894141385024e-14,0.013539894141385024,1.4569472948320251e-05,0.01456947294832025,0.00011655578358656201,BiOBr>BiOI>BiOCl
BiOBr,vasp-total,25.0,5.0,9.962059088627166,0.00069,3.417785708196605e-14,0.03417785708196605,4.843474294362854e-05,0.04843474294362854,0.0003874779435490283,BiOBr>BiOI>BiOCl
BiOI,vasp-total,25.0,5.0,9.527939579788736,0.00067,2.760155217788116e-14,0.02760155217788116,4.089740893376826e-05,0.04089740893376826,0.0003271792714701461,BiOBr>BiOI>BiOCl
BiOCl,vasp-total,25.0,10.0,13.119966031710609,0.0005,1.3539894141385024e-14,0.013539894141385024,2.9138945896640502e-05,0.0291389458966405,0.00011655578358656201,BiOBr>BiOI>BiOCl
BiOBr,vasp-total,25.0,10.0,9.962059088627166,0.00069,3.417785708196605e-14,0.03417785708196605,9.686948588725708e-05,0.09686948588725708,0.0003874779435490283,BiOBr>BiOI>BiOCl
BiOI,vasp-total,25.0,10.0,9.527939579788736,0.00067,2.760155217788116e-14,0.02760155217788116,8.179481786753652e-05,0.08179481786753652,0.0003271792714701461,BiOBr>BiOI>BiOCl
BiOCl,vasp-total,25.0,20.0,13.119966031710609,0.0005,1.3539894141385024e-14,0.013539894141385024,5.8277891793281004e-05,0.058277891793281,0.00011655578358656201,BiOBr>BiOI>BiOCl
BiOBr,vasp-total,25.0,20.0,9.962059088627166,0.00069,3.417785708196605e-14,0.03417785708196605,0.00019373897177451415,0.19373897177451416,0.0003874779435490283,BiOBr>BiOI>BiOCl
BiOI,vasp-total,25.0,20.0,9.527939579788736,0.00067,2.760155217788116e-14,0.02760155217788116,0.00016358963573507305,0.16358963573507304,0.0003271792714701461,BiOBr>BiOI>BiOCl
BiOCl,vasp-total,50.0,5.0,13.119966031710609,0.0005,1.3539894141385024e-14,0.013539894141385024,2.9138945896640502e-05,0.0291389458966405,0.00011655578358656201,BiOBr>BiOI>BiOCl
BiOBr,vasp-total,50.0,5.0,9.962059088627166,0.00069,3.417785708196605e-14,0.03417785708196605,9.686948588725708e-05,0.09686948588725708,0.0003874779435490283,BiOBr>BiOI>BiOCl
BiOI,vasp-total,50.0,5.0,9.527939579788736,0.00067,2.760155217788116e-14,0.02760155217788116,8.179481786753652e-05,0.08179481786753652,0.0003271792714701461,BiOBr>BiOI>BiOCl
BiOCl,vasp-total,50.0,10.0,13.119966031710609,0.0005,1.3539894141385024e-14,0.013539894141385024,5.8277891793281004e-05,0.058277891793281,0.00011655578358656201,BiOBr>BiOI>BiOCl
BiOBr,vasp-total,50.0,10.0,9.962059088627166,0.00069,3.417785708196605e-14,0.03417785708196605,0.00019373897177451415,0.19373897177451416,0.0003874779435490283,BiOBr>BiOI>BiOCl
BiOI,vasp-total,50.0,10.0,9.527939579788736,0.00067,2.760155217788116e-14,0.02760155217788116,0.00016358963573507305,0.16358963573507304,0.0003271792714701461,BiOBr>BiOI>BiOCl
BiOCl,vasp-total,50.0,20.0,13.119966031710609,0.0005,1.3539894141385024e-14,0.013539894141385024,0.00011655578358656201,0.116555783586562,0.00011655578358656201,BiOBr>BiOI>BiOCl
BiOBr,vasp-total,50.0,20.0,9.962059088627166,0.00069,3.417785708196605e-14,0.03417785708196605,0.0003874779435490283,0.3874779435490283,0.0003874779435490283,BiOBr>BiOI>BiOCl
BiOI,vasp-total,50.0,20.0,9.527939579788736,0.00067,2.760155217788116e-14,0.02760155217788116,0.0003271792714701461,0.3271792714701461,0.0003271792714701461,BiOBr>BiOI>BiOCl
BiOCl,vasp-total,100.0,5.0,13.119966031710609,0.0005,1.3539894141385024e-14,0.013539894141385024,5.8277891793281004e-05,0.058277891793281,0.00011655578358656201,BiOBr>BiOI>BiOCl
BiOBr,vasp-total,100.0,5.0,9.962059088627166,0.00069,3.417785708196605e-14,0.03417785708196605,0.00019373897177451415,0.19373897177451416,0.0003874779435490283,BiOBr>BiOI>BiOCl
BiOI,vasp-total,100.0,5.0,9.527939579788736,0.00067,2.760155217788116e-14,0.02760155217788116,0.00016358963573507305,0.16358963573507304,0.0003271792714701461,BiOBr>BiOI>BiOCl
BiOCl,vasp-total,100.0,10.0,13.119966031710609,0.0005,1.3539894141385024e-14,0.013539894141385024,0.00011655578358656201,0.116555783586562,0.00011655578358656201,BiOBr>BiOI>BiOCl
BiOBr,vasp-total,100.0,10.0,9.962059088627166,0.00069,3.417785708196605e-14,0.03417785708196605,0.0003874779435490283,0.3874779435490283,0.0003874779435490283,BiOBr>BiOI>BiOCl
BiOI,vasp-total,100.0,10.0,9.527939579788736,0.00067,2.760155217788116e-14,0.02760155217788116,0.0003271792714701461,0.3271792714701461,0.0003271792714701461,BiOBr>BiOI>BiOCl
BiOCl,vasp-total,100.0,20.0,13.119966031710609,0.0005,1.3539894141385024e-14,0.013539894141385024,0.00023311156717312402,0.233111567173124,0.00011655578358656201,BiOBr>BiOI>BiOCl
BiOBr,vasp-total,100.0,20.0,9.962059088627166,0.00069,3.417785708196605e-14,0.03417785708196605,0.0007749558870980566,0.7749558870980566,0.0003874779435490283,BiOBr>BiOI>BiOCl
BiOI,vasp-total,100.0,20.0,9.527939579788736,0.00067,2.760155217788116e-14,0.02760155217788116,0.0006543585429402922,0.6543585429402922,0.0003271792714701461,BiOBr>BiOI>BiOCl
BiOCl,vasp-total,200.0,5.0,13.119966031710609,0.0005,1.3539894141385024e-14,0.013539894141385024,0.00011655578358656201,0.116555783586562,0.00011655578358656201,BiOBr>BiOI>BiOCl
BiOBr,vasp-total,200.0,5.0,9.962059088627166,0.00069,3.417785708196605e-14,0.03417785708196605,0.0003874779435490283,0.3874779435490283,0.0003874779435490283,BiOBr>BiOI>BiOCl
BiOI,vasp-total,200.0,5.0,9.527939579788736,0.00067,2.760155217788116e-14,0.02760155217788116,0.0003271792714701461,0.3271792714701461,0.0003271792714701461,BiOBr>BiOI>BiOCl
BiOCl,vasp-total,200.0,10.0,13.119966031710609,0.0005,1.3539894141385024e-14,0.013539894141385024,0.00023311156717312402,0.233111567173124,0.00011655578358656201,BiOBr>BiOI>BiOCl
BiOBr,vasp-total,200.0,10.0,9.962059088627166,0.00069,3.417785708196605e-14,0.03417785708196605,0.0007749558870980566,0.7749558870980566,0.0003874779435490283,BiOBr>BiOI>BiOCl
BiOI,vasp-total,200.0,10.0,9.527939579788736,0.00067,2.760155217788116e-14,0.02760155217788116,0.0006543585429402922,0.6543585429402922,0.0003271792714701461,BiOBr>BiOI>BiOCl
BiOCl,vasp-total,200.0,20.0,13.119966031710609,0.0005,1.3539894141385024e-14,0.013539894141385024,0.00046622313434624803,0.466223134346248,0.00011655578358656201,BiOBr>BiOI>BiOCl
BiOBr,vasp-total,200.0,20.0,9.962059088627166,0.00069,3.417785708196605e-14,0.03417785708196605,0.0015499117741961132,1.5499117741961133,0.0003874779435490283,BiOBr>BiOI>BiOCl
BiOI,vasp-total,200.0,20.0,9.527939579788736,0.00067,2.760155217788116e-14,0.02760155217788116,0.0013087170858805844,1.3087170858805843,0.0003271792714701461,BiOBr>BiOI>BiOCl
